wave_id,step,truth_layer,truth_file,respondent,tp,fp,fn,tn,precision,recall,fpr,fnr,pair_accuracy,n_fail_safe,n_pairs_evaluated
t600,600,observed_interaction,ground_truth/ground_truth_edges_600.csv,Abigail Chen,5,47,2,51,0.096154,0.714286,0.479592,0.285714,0.533333,0,105
t600,600,observed_interaction,ground_truth/ground_truth_edges_600.csv,Arthur Burton,0,17,7,81,0.000000,0.000000,0.173469,1.000000,0.771429,0,105
t600,600,observed_interaction,ground_truth/ground_truth_edges_600.csv,Ayesha Khan,1,30,6,68,0.032258,0.142857,0.306122,0.857143,0.657143,0,105
t600,600,observed_interaction,ground_truth/ground_truth_edges_600.csv,Carlos Gomez,0,19,7,79,0.000000,0.000000,0.193878,1.000000,0.752381,0,105
t600,600,observed_interaction,ground_truth/ground_truth_edges_600.csv,Francisco Lopez,5,47,2,51,0.096154,0.714286,0.479592,0.285714,0.533333,0,105
t600,600,observed_interaction,ground_truth/ground_truth_edges_600.csv,Giorgio Rossi,1,26,6,72,0.037037,0.142857,0.265306,0.857143,0.695238,0,105
t600,600,observed_interaction,ground_truth/ground_truth_edges_600.csv,Hailey Johnson,5,41,2,57,0.108696,0.714286,0.418367,0.285714,0.590476,0,105
t600,600,observed_interaction,ground_truth/ground_truth_edges_600.csv,Isabella Rodriguez,1,24,6,74,0.040000,0.142857,0.244898,0.857143,0.714286,14,105
t600,600,observed_interaction,ground_truth/ground_truth_edges_600.csv,Klaus Mueller,1,16,6,82,0.058824,0.142857,0.163265,0.857143,0.790476,0,105
t600,600,observed_interaction,ground_truth/ground_truth_edges_600.csv,Latoya Williams,5,44,2,54,0.102041,0.714286,0.448980,0.285714,0.561905,0,105
t600,600,observed_interaction,ground_truth/ground_truth_edges_600.csv,Maria Lopez,2,20,5,77,0.090909,0.285714,0.206186,0.714286,0.759615,28,104
t600,600,observed_interaction,ground_truth/ground_truth_edges_600.csv,Mei Lin,1,15,6,82,0.062500,0.142857,0.154639,0.857143,0.798077,0,104
t600,600,observed_interaction,ground_truth/ground_truth_edges_600.csv,Rajiv Patel,5,42,2,56,0.106383,0.714286,0.428571,0.285714,0.580952,0,105
t600,600,observed_interaction,ground_truth/ground_truth_edges_600.csv,Ryan Park,0,5,7,93,0.000000,0.000000,0.051020,1.000000,0.885714,0,105
t600,600,observed_interaction,ground_truth/ground_truth_edges_600.csv,Wolfgang Schulz,1,26,6,72,0.037037,0.142857,0.265306,0.857143,0.695238,0,105
t600,600,observed_interaction,ground_truth/ground_truth_edges_600.csv,__overall__,33,419,72,1049,0.073009,0.314286,0.285422,0.685714,0.687858,42,1573
t600,600,background_social_tie,ground_truth/background_social_edges.csv,Abigail Chen,13,39,21,32,0.250000,0.382353,0.549296,0.617647,0.428571,0,105
t600,600,background_social_tie,ground_truth/background_social_edges.csv,Arthur Burton,6,11,28,60,0.352941,0.176471,0.154930,0.823529,0.628571,0,105
t600,600,background_social_tie,ground_truth/background_social_edges.csv,Ayesha Khan,8,23,26,48,0.258065,0.235294,0.323944,0.764706,0.533333,0,105
t600,600,background_social_tie,ground_truth/background_social_edges.csv,Carlos Gomez,6,13,28,58,0.315789,0.176471,0.183099,0.823529,0.609524,0,105
t600,600,background_social_tie,ground_truth/background_social_edges.csv,Francisco Lopez,14,38,20,33,0.269231,0.411765,0.535211,0.588235,0.447619,0,105
t600,600,background_social_tie,ground_truth/background_social_edges.csv,Giorgio Rossi,9,18,25,53,0.333333,0.264706,0.253521,0.735294,0.590476,0,105
t600,600,background_social_tie,ground_truth/background_social_edges.csv,Hailey Johnson,12,34,22,37,0.260870,0.352941,0.478873,0.647059,0.466667,0,105
t600,600,background_social_tie,ground_truth/background_social_edges.csv,Isabella Rodriguez,8,17,26,54,0.320000,0.235294,0.239437,0.764706,0.590476,14,105
t600,600,background_social_tie,ground_truth/background_social_edges.csv,Klaus Mueller,6,11,28,60,0.352941,0.176471,0.154930,0.823529,0.628571,0,105
t600,600,background_social_tie,ground_truth/background_social_edges.csv,Latoya Williams,14,35,20,36,0.285714,0.411765,0.492958,0.588235,0.476190,0,105
t600,600,background_social_tie,ground_truth/background_social_edges.csv,Maria Lopez,5,17,29,53,0.227273,0.147059,0.242857,0.852941,0.557692,28,104
t600,600,background_social_tie,ground_truth/background_social_edges.csv,Mei Lin,5,11,29,59,0.312500,0.147059,0.157143,0.852941,0.615385,0,104
t600,600,background_social_tie,ground_truth/background_social_edges.csv,Rajiv Patel,13,34,21,37,0.276596,0.382353,0.478873,0.617647,0.476190,0,105
t600,600,background_social_tie,ground_truth/background_social_edges.csv,Ryan Park,0,5,34,66,0.000000,0.000000,0.070423,1.000000,0.628571,0,105
t600,600,background_social_tie,ground_truth/background_social_edges.csv,Wolfgang Schulz,8,19,26,52,0.296296,0.235294,0.267606,0.764706,0.571429,0,105
t600,600,background_social_tie,ground_truth/background_social_edges.csv,__overall__,127,325,383,738,0.280973,0.249020,0.305738,0.750980,0.549905,42,1573
t600,600,background_or_interaction,ground_truth/background_social_edges.csv+ground_truth/ground_truth_edges_600.csv,Abigail Chen,13,39,21,32,0.250000,0.382353,0.549296,0.617647,0.428571,0,105
t600,600,background_or_interaction,ground_truth/background_social_edges.csv+ground_truth/ground_truth_edges_600.csv,Arthur Burton,6,11,28,60,0.352941,0.176471,0.154930,0.823529,0.628571,0,105
t600,600,background_or_interaction,ground_truth/background_social_edges.csv+ground_truth/ground_truth_edges_600.csv,Ayesha Khan,8,23,26,48,0.258065,0.235294,0.323944,0.764706,0.533333,0,105
t600,600,background_or_interaction,ground_truth/background_social_edges.csv+ground_truth/ground_truth_edges_600.csv,Carlos Gomez,6,13,28,58,0.315789,0.176471,0.183099,0.823529,0.609524,0,105
t600,600,background_or_interaction,ground_truth/background_social_edges.csv+ground_truth/ground_truth_edges_600.csv,Francisco Lopez,14,38,20,33,0.269231,0.411765,0.535211,0.588235,0.447619,0,105
t600,600,background_or_interaction,ground_truth/background_social_edges.csv+ground_truth/ground_truth_edges_600.csv,Giorgio Rossi,9,18,25,53,0.333333,0.264706,0.253521,0.735294,0.590476,0,105
t600,600,background_or_interaction,ground_truth/background_social_edges.csv+ground_truth/ground_truth_edges_600.csv,Hailey Johnson,12,34,22,37,0.260870,0.352941,0.478873,0.647059,0.466667,0,105
t600,600,background_or_interaction,ground_truth/background_social_edges.csv+ground_truth/ground_truth_edges_600.csv,Isabella Rodriguez,8,17,26,54,0.320000,0.235294,0.239437,0.764706,0.590476,14,105
t600,600,background_or_interaction,ground_truth/background_social_edges.csv+ground_truth/ground_truth_edges_600.csv,Klaus Mueller,6,11,28,60,0.352941,0.176471,0.154930,0.823529,0.628571,0,105
t600,600,background_or_interaction,ground_truth/background_social_edges.csv+ground_truth/ground_truth_edges_600.csv,Latoya Williams,14,35,20,36,0.285714,0.411765,0.492958,0.588235,0.476190,0,105
t600,600,background_or_interaction,ground_truth/background_social_edges.csv+ground_truth/ground_truth_edges_600.csv,Maria Lopez,5,17,29,53,0.227273,0.147059,0.242857,0.852941,0.557692,28,104
t600,600,background_or_interaction,ground_truth/background_social_edges.csv+ground_truth/ground_truth_edges_600.csv,Mei Lin,5,11,29,59,0.312500,0.147059,0.157143,0.852941,0.615385,0,104
t600,600,background_or_interaction,ground_truth/background_social_edges.csv+ground_truth/ground_truth_edges_600.csv,Rajiv Patel,13,34,21,37,0.276596,0.382353,0.478873,0.617647,0.476190,0,105
t600,600,background_or_interaction,ground_truth/background_social_edges.csv+ground_truth/ground_truth_edges_600.csv,Ryan Park,0,5,34,66,0.000000,0.000000,0.070423,1.000000,0.628571,0,105
t600,600,background_or_interaction,ground_truth/background_social_edges.csv+ground_truth/ground_truth_edges_600.csv,Wolfgang Schulz,8,19,26,52,0.296296,0.235294,0.267606,0.764706,0.571429,0,105
t600,600,background_or_interaction,ground_truth/background_social_edges.csv+ground_truth/ground_truth_edges_600.csv,__overall__,127,325,383,738,0.280973,0.249020,0.305738,0.750980,0.549905,42,1573
t1200,1200,observed_interaction,ground_truth/ground_truth_edges_1200.csv,Abigail Chen,10,43,10,42,0.188679,0.500000,0.505882,0.500000,0.495238,0,105
t1200,1200,observed_interaction,ground_truth/ground_truth_edges_1200.csv,Arthur Burton,12,38,8,47,0.240000,0.600000,0.447059,0.400000,0.561905,0,105
t1200,1200,observed_interaction,ground_truth/ground_truth_edges_1200.csv,Ayesha Khan,5,41,15,44,0.108696,0.250000,0.482353,0.750000,0.466667,0,105
t1200,1200,observed_interaction,ground_truth/ground_truth_edges_1200.csv,Carlos Gomez,12,39,8,46,0.235294,0.600000,0.458824,0.400000,0.552381,0,105
t1200,1200,observed_interaction,ground_truth/ground_truth_edges_1200.csv,Francisco Lopez,11,35,9,50,0.239130,0.550000,0.411765,0.450000,0.580952,0,105
t1200,1200,observed_interaction,ground_truth/ground_truth_edges_1200.csv,Giorgio Rossi,8,42,12,43,0.160000,0.400000,0.494118,0.600000,0.485714,0,105
t1200,1200,observed_interaction,ground_truth/ground_truth_edges_1200.csv,Hailey Johnson,14,45,6,40,0.237288,0.700000,0.529412,0.300000,0.514286,0,105
t1200,1200,observed_interaction,ground_truth/ground_truth_edges_1200.csv,Isabella Rodriguez,5,34,15,51,0.128205,0.250000,0.400000,0.750000,0.533333,0,105
t1200,1200,observed_interaction,ground_truth/ground_truth_edges_1200.csv,Klaus Mueller,8,39,12,46,0.170213,0.400000,0.458824,0.600000,0.514286,0,105
t1200,1200,observed_interaction,ground_truth/ground_truth_edges_1200.csv,Latoya Williams,10,32,10,53,0.238095,0.500000,0.376471,0.500000,0.600000,0,105
t1200,1200,observed_interaction,ground_truth/ground_truth_edges_1200.csv,Maria Lopez,3,23,17,62,0.115385,0.150000,0.270588,0.850000,0.619048,14,105
t1200,1200,observed_interaction,ground_truth/ground_truth_edges_1200.csv,Mei Lin,6,29,14,56,0.171429,0.300000,0.341176,0.700000,0.590476,0,105
t1200,1200,observed_interaction,ground_truth/ground_truth_edges_1200.csv,Rajiv Patel,10,40,10,45,0.200000,0.500000,0.470588,0.500000,0.523810,0,105
t1200,1200,observed_interaction,ground_truth/ground_truth_edges_1200.csv,Ryan Park,13,44,7,41,0.228070,0.650000,0.517647,0.350000,0.514286,0,105
t1200,1200,observed_interaction,ground_truth/ground_truth_edges_1200.csv,Wolfgang Schulz,5,45,15,40,0.100000,0.250000,0.529412,0.750000,0.428571,0,105
t1200,1200,observed_interaction,ground_truth/ground_truth_edges_1200.csv,__overall__,132,569,168,706,0.188302,0.440000,0.446275,0.560000,0.532063,14,1575
t1200,1200,background_social_tie,ground_truth/background_social_edges.csv,Abigail Chen,13,40,21,31,0.245283,0.382353,0.563380,0.617647,0.419048,0,105
t1200,1200,background_social_tie,ground_truth/background_social_edges.csv,Arthur Burton,16,34,18,37,0.320000,0.470588,0.478873,0.529412,0.504762,0,105
t1200,1200,background_social_tie,ground_truth/background_social_edges.csv,Ayesha Khan,10,36,24,35,0.217391,0.294118,0.507042,0.705882,0.428571,0,105
t1200,1200,background_social_tie,ground_truth/background_social_edges.csv,Carlos Gomez,18,33,16,38,0.352941,0.529412,0.464789,0.470588,0.533333,0,105
t1200,1200,background_social_tie,ground_truth/background_social_edges.csv,Francisco Lopez,13,33,21,38,0.282609,0.382353,0.464789,0.617647,0.485714,0,105
t1200,1200,background_social_tie,ground_truth/background_social_edges.csv,Giorgio Rossi,16,34,18,37,0.320000,0.470588,0.478873,0.529412,0.504762,0,105
t1200,1200,background_social_tie,ground_truth/background_social_edges.csv,Hailey Johnson,19,40,15,31,0.322034,0.558824,0.563380,0.441176,0.476190,0,105
t1200,1200,background_social_tie,ground_truth/background_social_edges.csv,Isabella Rodriguez,11,28,23,43,0.282051,0.323529,0.394366,0.676471,0.514286,0,105
t1200,1200,background_social_tie,ground_truth/background_social_edges.csv,Klaus Mueller,13,34,21,37,0.276596,0.382353,0.478873,0.617647,0.476190,0,105
t1200,1200,background_social_tie,ground_truth/background_social_edges.csv,Latoya Williams,15,27,19,44,0.357143,0.441176,0.380282,0.558824,0.561905,0,105
t1200,1200,background_social_tie,ground_truth/background_social_edges.csv,Maria Lopez,8,18,26,53,0.307692,0.235294,0.253521,0.764706,0.580952,14,105
t1200,1200,background_social_tie,ground_truth/background_social_edges.csv,Mei Lin,10,25,24,46,0.285714,0.294118,0.352113,0.705882,0.533333,0,105
t1200,1200,background_social_tie,ground_truth/background_social_edges.csv,Rajiv Patel,13,37,21,34,0.260000,0.382353,0.521127,0.617647,0.447619,0,105
t1200,1200,background_social_tie,ground_truth/background_social_edges.csv,Ryan Park,16,41,18,30,0.280702,0.470588,0.577465,0.529412,0.438095,0,105
t1200,1200,background_social_tie,ground_truth/background_social_edges.csv,Wolfgang Schulz,11,39,23,32,0.220000,0.323529,0.549296,0.676471,0.409524,0,105
t1200,1200,background_social_tie,ground_truth/background_social_edges.csv,__overall__,202,499,308,566,0.288160,0.396078,0.468545,0.603922,0.487619,14,1575
t1200,1200,background_or_interaction,ground_truth/background_social_edges.csv+ground_truth/ground_truth_edges_1200.csv,Abigail Chen,16,37,21,31,0.301887,0.432432,0.544118,0.567568,0.447619,0,105
t1200,1200,background_or_interaction,ground_truth/background_social_edges.csv+ground_truth/ground_truth_edges_1200.csv,Arthur Burton,19,31,18,37,0.380000,0.513514,0.455882,0.486486,0.533333,0,105
t1200,1200,background_or_interaction,ground_truth/background_social_edges.csv+ground_truth/ground_truth_edges_1200.csv,Ayesha Khan,10,36,27,32,0.217391,0.270270,0.529412,0.729730,0.400000,0,105
t1200,1200,background_or_interaction,ground_truth/background_social_edges.csv+ground_truth/ground_truth_edges_1200.csv,Carlos Gomez,20,31,17,37,0.392157,0.540541,0.455882,0.459459,0.542857,0,105
t1200,1200,background_or_interaction,ground_truth/background_social_edges.csv+ground_truth/ground_truth_edges_1200.csv,Francisco Lopez,16,30,21,38,0.347826,0.432432,0.441176,0.567568,0.514286,0,105
t1200,1200,background_or_interaction,ground_truth/background_social_edges.csv+ground_truth/ground_truth_edges_1200.csv,Giorgio Rossi,17,33,20,35,0.340000,0.459459,0.485294,0.540541,0.495238,0,105
t1200,1200,background_or_interaction,ground_truth/background_social_edges.csv+ground_truth/ground_truth_edges_1200.csv,Hailey Johnson,22,37,15,31,0.372881,0.594595,0.544118,0.405405,0.504762,0,105
t1200,1200,background_or_interaction,ground_truth/background_social_edges.csv+ground_truth/ground_truth_edges_1200.csv,Isabella Rodriguez,12,27,25,41,0.307692,0.324324,0.397059,0.675676,0.504762,0,105
t1200,1200,background_or_interaction,ground_truth/background_social_edges.csv+ground_truth/ground_truth_edges_1200.csv,Klaus Mueller,13,34,24,34,0.276596,0.351351,0.500000,0.648649,0.447619,0,105
t1200,1200,background_or_interaction,ground_truth/background_social_edges.csv+ground_truth/ground_truth_edges_1200.csv,Latoya Williams,18,24,19,44,0.428571,0.486486,0.352941,0.513514,0.590476,0,105
t1200,1200,background_or_interaction,ground_truth/background_social_edges.csv+ground_truth/ground_truth_edges_1200.csv,Maria Lopez,9,17,28,51,0.346154,0.243243,0.250000,0.756757,0.571429,14,105
t1200,1200,background_or_interaction,ground_truth/background_social_edges.csv+ground_truth/ground_truth_edges_1200.csv,Mei Lin,10,25,27,43,0.285714,0.270270,0.367647,0.729730,0.504762,0,105
t1200,1200,background_or_interaction,ground_truth/background_social_edges.csv+ground_truth/ground_truth_edges_1200.csv,Rajiv Patel,16,34,21,34,0.320000,0.432432,0.500000,0.567568,0.476190,0,105
t1200,1200,background_or_interaction,ground_truth/background_social_edges.csv+ground_truth/ground_truth_edges_1200.csv,Ryan Park,19,38,18,30,0.333333,0.513514,0.558824,0.486486,0.466667,0,105
t1200,1200,background_or_interaction,ground_truth/background_social_edges.csv+ground_truth/ground_truth_edges_1200.csv,Wolfgang Schulz,11,39,26,29,0.220000,0.297297,0.573529,0.702703,0.380952,0,105
t1200,1200,background_or_interaction,ground_truth/background_social_edges.csv+ground_truth/ground_truth_edges_1200.csv,__overall__,228,473,327,547,0.325250,0.410811,0.463725,0.589189,0.492063,14,1575
1800,1800,observed_interaction,ground_truth/ground_truth_edges_1800.csv,Abigail Chen,11,41,14,39,0.211538,0.440000,0.512500,0.560000,0.476190,0,105
1800,1800,observed_interaction,ground_truth/ground_truth_edges_1800.csv,Arthur Burton,12,40,13,40,0.230769,0.480000,0.500000,0.520000,0.495238,0,105
1800,1800,observed_interaction,ground_truth/ground_truth_edges_1800.csv,Ayesha Khan,8,38,17,42,0.173913,0.320000,0.475000,0.680000,0.476190,0,105
1800,1800,observed_interaction,ground_truth/ground_truth_edges_1800.csv,Carlos Gomez,17,57,8,23,0.229730,0.680000,0.712500,0.320000,0.380952,0,105
1800,1800,observed_interaction,ground_truth/ground_truth_edges_1800.csv,Francisco Lopez,12,38,13,42,0.240000,0.480000,0.475000,0.520000,0.514286,0,105
1800,1800,observed_interaction,ground_truth/ground_truth_edges_1800.csv,Giorgio Rossi,13,39,12,41,0.250000,0.520000,0.487500,0.480000,0.514286,0,105
1800,1800,observed_interaction,ground_truth/ground_truth_edges_1800.csv,Hailey Johnson,18,44,7,36,0.290323,0.720000,0.550000,0.280000,0.514286,0,105
1800,1800,observed_interaction,ground_truth/ground_truth_edges_1800.csv,Isabella Rodriguez,10,35,15,45,0.222222,0.400000,0.437500,0.600000,0.523810,0,105
1800,1800,observed_interaction,ground_truth/ground_truth_edges_1800.csv,Klaus Mueller,14,54,11,26,0.205882,0.560000,0.675000,0.440000,0.380952,0,105
1800,1800,observed_interaction,ground_truth/ground_truth_edges_1800.csv,Latoya Williams,12,40,13,40,0.230769,0.480000,0.500000,0.520000,0.495238,0,105
1800,1800,observed_interaction,ground_truth/ground_truth_edges_1800.csv,Maria Lopez,2,20,22,60,0.090909,0.083333,0.250000,0.916667,0.596154,28,104
1800,1800,observed_interaction,ground_truth/ground_truth_edges_1800.csv,Mei Lin,6,30,19,50,0.166667,0.240000,0.375000,0.760000,0.533333,0,105
1800,1800,observed_interaction,ground_truth/ground_truth_edges_1800.csv,Rajiv Patel,11,40,14,40,0.215686,0.440000,0.500000,0.560000,0.485714,0,105
1800,1800,observed_interaction,ground_truth/ground_truth_edges_1800.csv,Ryan Park,13,32,12,48,0.288889,0.520000,0.400000,0.480000,0.580952,14,105
1800,1800,observed_interaction,ground_truth/ground_truth_edges_1800.csv,Wolfgang Schulz,10,43,15,37,0.188679,0.400000,0.537500,0.600000,0.447619,0,105
1800,1800,observed_interaction,ground_truth/ground_truth_edges_1800.csv,__overall__,169,591,205,609,0.222368,0.451872,0.492500,0.548128,0.494282,42,1574
1800,1800,background_social_tie,ground_truth/background_social_edges.csv,Abigail Chen,13,39,21,32,0.250000,0.382353,0.549296,0.617647,0.428571,0,105
1800,1800,background_social_tie,ground_truth/background_social_edges.csv,Arthur Burton,16,36,18,35,0.307692,0.470588,0.507042,0.529412,0.485714,0,105
1800,1800,background_social_tie,ground_truth/background_social_edges.csv,Ayesha Khan,10,36,24,35,0.217391,0.294118,0.507042,0.705882,0.428571,0,105
1800,1800,background_social_tie,ground_truth/background_social_edges.csv,Carlos Gomez,23,51,11,20,0.310811,0.676471,0.718310,0.323529,0.409524,0,105
1800,1800,background_social_tie,ground_truth/background_social_edges.csv,Francisco Lopez,14,36,20,35,0.280000,0.411765,0.507042,0.588235,0.466667,0,105
1800,1800,background_social_tie,ground_truth/background_social_edges.csv,Giorgio Rossi,17,35,17,36,0.326923,0.500000,0.492958,0.500000,0.504762,0,105
1800,1800,background_social_tie,ground_truth/background_social_edges.csv,Hailey Johnson,20,42,14,29,0.322581,0.588235,0.591549,0.411765,0.466667,0,105
1800,1800,background_social_tie,ground_truth/background_social_edges.csv,Isabella Rodriguez,13,32,21,39,0.288889,0.382353,0.450704,0.617647,0.495238,0,105
1800,1800,background_social_tie,ground_truth/background_social_edges.csv,Klaus Mueller,20,48,14,23,0.294118,0.588235,0.676056,0.411765,0.409524,0,105
1800,1800,background_social_tie,ground_truth/background_social_edges.csv,Latoya Williams,15,37,19,34,0.288462,0.441176,0.521127,0.558824,0.466667,0,105
1800,1800,background_social_tie,ground_truth/background_social_edges.csv,Maria Lopez,6,16,27,55,0.272727,0.181818,0.225352,0.818182,0.586538,28,104
1800,1800,background_social_tie,ground_truth/background_social_edges.csv,Mei Lin,9,27,25,44,0.250000,0.264706,0.380282,0.735294,0.504762,0,105
1800,1800,background_social_tie,ground_truth/background_social_edges.csv,Rajiv Patel,13,38,21,33,0.254902,0.382353,0.535211,0.617647,0.438095,0,105
1800,1800,background_social_tie,ground_truth/background_social_edges.csv,Ryan Park,11,34,23,37,0.244444,0.323529,0.478873,0.676471,0.457143,14,105
1800,1800,background_social_tie,ground_truth/background_social_edges.csv,Wolfgang Schulz,13,40,21,31,0.245283,0.382353,0.563380,0.617647,0.419048,0,105
1800,1800,background_social_tie,ground_truth/background_social_edges.csv,__overall__,213,547,296,518,0.280263,0.418468,0.513615,0.581532,0.464422,42,1574
1800,1800,background_or_interaction,ground_truth/background_social_edges.csv+ground_truth/ground_truth_edges_1800.csv,Abigail Chen,16,36,24,29,0.307692,0.400000,0.553846,0.600000,0.428571,0,105
1800,1800,background_or_interaction,ground_truth/background_social_edges.csv+ground_truth/ground_truth_edges_1800.csv,Arthur Burton,19,33,21,32,0.365385,0.475000,0.507692,0.525000,0.485714,0,105
1800,1800,background_or_interaction,ground_truth/background_social_edges.csv+ground_truth/ground_truth_edges_1800.csv,Ayesha Khan,13,33,27,32,0.282609,0.325000,0.507692,0.675000,0.428571,0,105
1800,1800,background_or_interaction,ground_truth/background_social_edges.csv+ground_truth/ground_truth_edges_1800.csv,Carlos Gomez,28,46,12,19,0.378378,0.700000,0.707692,0.300000,0.447619,0,105
1800,1800,background_or_interaction,ground_truth/background_social_edges.csv+ground_truth/ground_truth_edges_1800.csv,Francisco Lopez,17,33,23,32,0.340000,0.425000,0.507692,0.575000,0.466667,0,105
1800,1800,background_or_interaction,ground_truth/background_social_edges.csv+ground_truth/ground_truth_edges_1800.csv,Giorgio Rossi,21,31,19,34,0.403846,0.525000,0.476923,0.475000,0.523810,0,105
1800,1800,background_or_interaction,ground_truth/background_social_edges.csv+ground_truth/ground_truth_edges_1800.csv,Hailey Johnson,25,37,15,28,0.403226,0.625000,0.569231,0.375000,0.504762,0,105
1800,1800,background_or_interaction,ground_truth/background_social_edges.csv+ground_truth/ground_truth_edges_1800.csv,Isabella Rodriguez,17,28,23,37,0.377778,0.425000,0.430769,0.575000,0.514286,0,105
1800,1800,background_or_interaction,ground_truth/background_social_edges.csv+ground_truth/ground_truth_edges_1800.csv,Klaus Mueller,24,44,16,21,0.352941,0.600000,0.676923,0.400000,0.428571,0,105
1800,1800,background_or_interaction,ground_truth/background_social_edges.csv+ground_truth/ground_truth_edges_1800.csv,Latoya Williams,19,33,21,32,0.365385,0.475000,0.507692,0.525000,0.485714,0,105
1800,1800,background_or_interaction,ground_truth/background_social_edges.csv+ground_truth/ground_truth_edges_1800.csv,Maria Lopez,7,15,32,50,0.318182,0.179487,0.230769,0.820513,0.548077,28,104
1800,1800,background_or_interaction,ground_truth/background_social_edges.csv+ground_truth/ground_truth_edges_1800.csv,Mei Lin,10,26,30,39,0.277778,0.250000,0.400000,0.750000,0.466667,0,105
1800,1800,background_or_interaction,ground_truth/background_social_edges.csv+ground_truth/ground_truth_edges_1800.csv,Rajiv Patel,16,35,24,30,0.313725,0.400000,0.538462,0.600000,0.438095,0,105
1800,1800,background_or_interaction,ground_truth/background_social_edges.csv+ground_truth/ground_truth_edges_1800.csv,Ryan Park,16,29,24,36,0.355556,0.400000,0.446154,0.600000,0.495238,14,105
1800,1800,background_or_interaction,ground_truth/background_social_edges.csv+ground_truth/ground_truth_edges_1800.csv,Wolfgang Schulz,16,37,24,28,0.301887,0.400000,0.569231,0.600000,0.419048,0,105
1800,1800,background_or_interaction,ground_truth/background_social_edges.csv+ground_truth/ground_truth_edges_1800.csv,__overall__,264,496,335,479,0.347368,0.440735,0.508718,0.559265,0.472046,42,1574
t2400,2400,observed_interaction,ground_truth/ground_truth_edges_2400.csv,Abigail Chen,12,41,13,39,0.226415,0.480000,0.512500,0.520000,0.485714,0,105
t2400,2400,observed_interaction,ground_truth/ground_truth_edges_2400.csv,Arthur Burton,12,38,13,42,0.240000,0.480000,0.475000,0.520000,0.514286,0,105
t2400,2400,observed_interaction,ground_truth/ground_truth_edges_2400.csv,Ayesha Khan,9,47,16,33,0.160714,0.360000,0.587500,0.640000,0.400000,0,105
t2400,2400,observed_interaction,ground_truth/ground_truth_edges_2400.csv,Carlos Gomez,18,53,7,27,0.253521,0.720000,0.662500,0.280000,0.428571,0,105
t2400,2400,observed_interaction,ground_truth/ground_truth_edges_2400.csv,Francisco Lopez,10,40,15,40,0.200000,0.400000,0.500000,0.600000,0.476190,0,105
t2400,2400,observed_interaction,ground_truth/ground_truth_edges_2400.csv,Giorgio Rossi,13,41,12,39,0.240741,0.520000,0.512500,0.480000,0.495238,0,105
t2400,2400,observed_interaction,ground_truth/ground_truth_edges_2400.csv,Hailey Johnson,15,41,10,39,0.267857,0.600000,0.512500,0.400000,0.514286,0,105
t2400,2400,observed_interaction,ground_truth/ground_truth_edges_2400.csv,Isabella Rodriguez,10,34,15,46,0.227273,0.400000,0.425000,0.600000,0.533333,0,105
t2400,2400,observed_interaction,ground_truth/ground_truth_edges_2400.csv,Klaus Mueller,15,52,10,28,0.223881,0.600000,0.650000,0.400000,0.409524,0,105
t2400,2400,observed_interaction,ground_truth/ground_truth_edges_2400.csv,Latoya Williams,11,40,14,40,0.215686,0.440000,0.500000,0.560000,0.485714,0,105
t2400,2400,observed_interaction,ground_truth/ground_truth_edges_2400.csv,Maria Lopez,3,18,22,59,0.142857,0.120000,0.233766,0.880000,0.607843,42,102
t2400,2400,observed_interaction,ground_truth/ground_truth_edges_2400.csv,Mei Lin,7,28,18,52,0.200000,0.280000,0.350000,0.720000,0.561905,0,105
t2400,2400,observed_interaction,ground_truth/ground_truth_edges_2400.csv,Rajiv Patel,11,39,14,41,0.220000,0.440000,0.487500,0.560000,0.495238,0,105
t2400,2400,observed_interaction,ground_truth/ground_truth_edges_2400.csv,Ryan Park,15,35,10,45,0.300000,0.600000,0.437500,0.400000,0.571429,0,105
t2400,2400,observed_interaction,ground_truth/ground_truth_edges_2400.csv,Wolfgang Schulz,11,47,14,33,0.189655,0.440000,0.587500,0.560000,0.419048,0,105
t2400,2400,observed_interaction,ground_truth/ground_truth_edges_2400.csv,__overall__,172,594,203,603,0.224543,0.458667,0.496241,0.541333,0.493003,42,1572
t2400,2400,background_social_tie,ground_truth/background_social_edges.csv,Abigail Chen,14,39,20,32,0.264151,0.411765,0.549296,0.588235,0.438095,0,105
t2400,2400,background_social_tie,ground_truth/background_social_edges.csv,Arthur Burton,16,34,18,37,0.320000,0.470588,0.478873,0.529412,0.504762,0,105
t2400,2400,background_social_tie,ground_truth/background_social_edges.csv,Ayesha Khan,15,41,19,30,0.267857,0.441176,0.577465,0.558824,0.428571,0,105
t2400,2400,background_social_tie,ground_truth/background_social_edges.csv,Carlos Gomez,24,47,10,24,0.338028,0.705882,0.661972,0.294118,0.457143,0,105
t2400,2400,background_social_tie,ground_truth/background_social_edges.csv,Francisco Lopez,13,37,21,34,0.260000,0.382353,0.521127,0.617647,0.447619,0,105
t2400,2400,background_social_tie,ground_truth/background_social_edges.csv,Giorgio Rossi,17,37,17,34,0.314815,0.500000,0.521127,0.500000,0.485714,0,105
t2400,2400,background_social_tie,ground_truth/background_social_edges.csv,Hailey Johnson,16,40,18,31,0.285714,0.470588,0.563380,0.529412,0.447619,0,105
t2400,2400,background_social_tie,ground_truth/background_social_edges.csv,Isabella Rodriguez,13,31,21,40,0.295455,0.382353,0.436620,0.617647,0.504762,0,105
t2400,2400,background_social_tie,ground_truth/background_social_edges.csv,Klaus Mueller,21,46,13,25,0.313433,0.617647,0.647887,0.382353,0.438095,0,105
t2400,2400,background_social_tie,ground_truth/background_social_edges.csv,Latoya Williams,14,37,20,34,0.274510,0.411765,0.521127,0.588235,0.457143,0,105
t2400,2400,background_social_tie,ground_truth/background_social_edges.csv,Maria Lopez,6,15,28,53,0.285714,0.176471,0.220588,0.823529,0.578431,42,102
t2400,2400,background_social_tie,ground_truth/background_social_edges.csv,Mei Lin,10,25,24,46,0.285714,0.294118,0.352113,0.705882,0.533333,0,105
t2400,2400,background_social_tie,ground_truth/background_social_edges.csv,Rajiv Patel,13,37,21,34,0.260000,0.382353,0.521127,0.617647,0.447619,0,105
t2400,2400,background_social_tie,ground_truth/background_social_edges.csv,Ryan Park,15,35,19,36,0.300000,0.441176,0.492958,0.558824,0.485714,0,105
t2400,2400,background_social_tie,ground_truth/background_social_edges.csv,Wolfgang Schulz,15,43,19,28,0.258621,0.441176,0.605634,0.558824,0.409524,0,105
t2400,2400,background_social_tie,ground_truth/background_social_edges.csv,__overall__,222,544,288,518,0.289817,0.435294,0.512241,0.564706,0.470738,42,1572
t2400,2400,background_or_interaction,ground_truth/background_social_edges.csv+ground_truth/ground_truth_edges_2400.csv,Abigail Chen,17,36,23,29,0.320755,0.425000,0.553846,0.575000,0.438095,0,105
t2400,2400,background_or_interaction,ground_truth/background_social_edges.csv+ground_truth/ground_truth_edges_2400.csv,Arthur Burton,19,31,21,34,0.380000,0.475000,0.476923,0.525000,0.504762,0,105
t2400,2400,background_or_interaction,ground_truth/background_social_edges.csv+ground_truth/ground_truth_edges_2400.csv,Ayesha Khan,18,38,22,27,0.321429,0.450000,0.584615,0.550000,0.428571,0,105
t2400,2400,background_or_interaction,ground_truth/background_social_edges.csv+ground_truth/ground_truth_edges_2400.csv,Carlos Gomez,29,42,11,23,0.408451,0.725000,0.646154,0.275000,0.495238,0,105
t2400,2400,background_or_interaction,ground_truth/background_social_edges.csv+ground_truth/ground_truth_edges_2400.csv,Francisco Lopez,16,34,24,31,0.320000,0.400000,0.523077,0.600000,0.447619,0,105
t2400,2400,background_or_interaction,ground_truth/background_social_edges.csv+ground_truth/ground_truth_edges_2400.csv,Giorgio Rossi,21,33,19,32,0.388889,0.525000,0.507692,0.475000,0.504762,0,105
t2400,2400,background_or_interaction,ground_truth/background_social_edges.csv+ground_truth/ground_truth_edges_2400.csv,Hailey Johnson,20,36,20,29,0.357143,0.500000,0.553846,0.500000,0.466667,0,105
t2400,2400,background_or_interaction,ground_truth/background_social_edges.csv+ground_truth/ground_truth_edges_2400.csv,Isabella Rodriguez,17,27,23,38,0.386364,0.425000,0.415385,0.575000,0.523810,0,105
t2400,2400,background_or_interaction,ground_truth/background_social_edges.csv+ground_truth/ground_truth_edges_2400.csv,Klaus Mueller,25,42,15,23,0.373134,0.625000,0.646154,0.375000,0.457143,0,105
t2400,2400,background_or_interaction,ground_truth/background_social_edges.csv+ground_truth/ground_truth_edges_2400.csv,Latoya Williams,17,34,23,31,0.333333,0.425000,0.523077,0.575000,0.457143,0,105
t2400,2400,background_or_interaction,ground_truth/background_social_edges.csv+ground_truth/ground_truth_edges_2400.csv,Maria Lopez,7,14,33,48,0.333333,0.175000,0.225806,0.825000,0.539216,42,102
t2400,2400,background_or_interaction,ground_truth/background_social_edges.csv+ground_truth/ground_truth_edges_2400.csv,Mei Lin,11,24,29,41,0.314286,0.275000,0.369231,0.725000,0.495238,0,105
t2400,2400,background_or_interaction,ground_truth/background_social_edges.csv+ground_truth/ground_truth_edges_2400.csv,Rajiv Patel,16,34,24,31,0.320000,0.400000,0.523077,0.600000,0.447619,0,105
t2400,2400,background_or_interaction,ground_truth/background_social_edges.csv+ground_truth/ground_truth_edges_2400.csv,Ryan Park,20,30,20,35,0.400000,0.500000,0.461538,0.500000,0.523810,0,105
t2400,2400,background_or_interaction,ground_truth/background_social_edges.csv+ground_truth/ground_truth_edges_2400.csv,Wolfgang Schulz,18,40,22,25,0.310345,0.450000,0.615385,0.550000,0.409524,0,105
t2400,2400,background_or_interaction,ground_truth/background_social_edges.csv+ground_truth/ground_truth_edges_2400.csv,__overall__,271,495,329,477,0.353786,0.451667,0.509259,0.548333,0.475827,42,1572
